{
    "categories": {
        "aug_mags": {
            "aug 30 mag": {
                "id": "62e7c98b550c8218d602cbb4"
            }
        },
        "aug_mounts": {
            "a3 scope": {
                "id": "62ebd290c427473eff0baafb",
                "children": {
                    "t1 mount": {
                        "id": "58d39d3d86f77445bb794ae7",
                        "slots": {
                            "mod_scope": ["58d399e486f77442e0016fe7"]
                        }
                    }
                },
                "slots": {
                    "mod_scope": ["t1 mount"],
                    "mod_tactical": ["lasers_common", "lights"]
                }
            }
        },
        "aug_barrels": {
            "aug 16 barrel": {
                "id": "630e39c3bd357927e4007c15",
                "slots": {
                    "mod_muzzle": ["630f28f0cadb1fe05e06f004"],
                    "mod_foregrip": ["634e61b0767cb15c4601a877"]
                }
            }
        },
        "aug_recievers": {
            "auga3 reciever": {
                "id": "62e7c72df68e7a0676050c77",
                "slots": {
                    "mod_barrel": ["aug_barrels"],
                    "mod_mount": ["aug_mounts"]
                }
            }
        }
    }
}