{
    "categories": {
        "g36_barrels": {
            "g36 228 barrel": {
                "id": "622b379bf9cfc87d675d2de5",
                "slots": {
                    "mod_muzzle": ["ar_556_muzzles"],
                    "mod_gas_block": ["622b327b267a1b13a44abea3"]
                }
            },
            "g36 318 barrel": {
                "id": "622b3858034a3e17ad0b81f5",
                "slots": {
                    "mod_muzzle": ["ar_556_muzzles"],
                    "mod_gas_block": ["622b327b267a1b13a44abea3"]
                }
            },
            "g36 480 barrel": {
                "id": "622b38c56762c718e457e246",
                "slots": {
                    "mod_muzzle": ["ar_556_muzzles"],
                    "mod_gas_block": ["622b327b267a1b13a44abea3"]
                }
            }
        },
        "g36_handguards": {
            "2 vent handguard": {
                "id": "62386b2adf47d66e835094b2",
                "children": {
                    "2 vent bottom mount": {
                        "id": "62444cb99f47004c781903eb",
                        "slots": {
                            "mod_foregrip": ["grips"]
                        }
                    },
                    "2 vent side mount": {
                        "id": "62444cd3674028188b052799",
                        "slots": {
                            "mod_tactical": ["lights", "lasers_common"]
                        }
                    }
                },
                "slots": {
                    "mod_mount_000": ["2 vent bottom mount"],
                    "mod_mount_001": ["2 vent side mount"],
                    "mod_mount_002": ["2 vent side mount"],
                    "mod_tactical": ["622f16a1a5958f63c67f1737"]
                }
            },
            "4 vent handguard": {
                "id": "62386b7153757417e93a4e9f",
                "children": {
                    "2 vent bottom mount": {
                        "id": "62444cb99f47004c781903eb",
                        "slots": {
                            "mod_foregrip": ["grips"]
                        }
                    },
                    "2 vent side mount": {
                        "id": "62444cd3674028188b052799",
                        "slots": {
                            "mod_tactical": ["lights", "lasers_common"]
                        }
                    }
                },
                "slots": {
                    "mod_mount_000": ["2 vent bottom mount"],
                    "mod_mount_001": ["2 vent side mount"],
                    "mod_mount_002": ["2 vent side mount"],
                    "mod_tactical": ["622f16a1a5958f63c67f1737"]
                }
            },
            "6 vent handguard": {
                "id": "6231654c71b5bc3baa1078e5"
            }
        },
        "g36_magwells": {
            "g36 magwell": {
                "id": "622f02437762f55aaa68ac85"
            },
            "g36 stanag magwell": {
                "id": "622f039199f4ea1a4d6c9a17"
            }
        },
        "g36_mags": {
            "g36 mag": {
                "id": "62307b7b10d2321fa8741921"
            }
        },
        "g36_stocks": {
            "g36 stock": {
                "id": "622f140da5958f63c67f1735"
            },
            "g36 kv stock": {
                "id": "622f14e899892a7f9e08f6c5"
            }
        },
        "g36_scopes": {
            "g36 sight mount": {
                "id": "622b3c081b89c677a33bcda6",
                "slots": {
                    "mod_scope": ["sights", "scopes_mid"],
                    "mod_sight_front": ["623166e08c43374ca1567195"],
                    "mod_sight_rear": ["6231670f0b8aa5472d060095"],
                    "mod_tactical": ["lasers_top", "lasers_common"]
                }
            },
            "g36 optic rail": {
                "id": "622b3d5cf9cfc87d675d2de9",
                "slots": {
                    "mod_scope": ["sights", "scopes_mid"],
                    "mod_tactical": ["lasers_top", "lasers_common"]
                }
            }
        }
    }
}