{
    "debug": {
        "logs": true
    },
    "patrols": {
        "minOfficerSize": 3,
        "minSecondLeaderSize": 5,
        "officerChance": 35,
        "secondLeaderChance": 50
    },
    "locations": {
        "woods": {
            "enablePatrols": true,
            "patrolChance": 100,
            "patrolAmount": 2,
            "patrolMin": 13,
            "patrolMax": 16,
            "patrolZones": ["ZoneRoad", "ZoneRedHouse", "ZoneClearVill"],
            "patrolTimeMin": -1,
            "patrolTimeMax": -1
        },
        "bigmap": {
            "enablePatrols": true,
            "patrolChance": 50,
            "patrolAmount": 1,
            "patrolMin": 14,
            "patrolMax": 17,
            "patrolZones": ["ZoneBrige"],
            "patrolTimeMin": 600,
            "patrolTimeMax": 1200
        },
        "interchange": {
            "enablePatrols": true,
            "patrolChance": 30,
            "patrolAmount": 2,
            "patrolMin": 13,
            "patrolMax": 16,
            "patrolZones": ["ZonePowerStation", "ZoneTrucks"],
            "patrolTimeMin": -1,
            "patrolTimeMax": 1600
        },
        "shoreline": {
            "enablePatrols": true,
            "patrolChance": 40,
            "patrolAmount": 1,
            "patrolMin": 14,
            "patrolMax": 17,
            "patrolZones": ["ZoneForestGasStation"],
            "patrolTimeMin": -1,
            "patrolTimeMax": 1600
        }
    }
}