{
    "equipment": {
        "FirstPrimaryWeapon": {
            "m4a1": {
                "id": "5447a9cd4bdc2dbd208b4567",
                "chance": 50,
                "slots": {
                    "mod_pistol_grip": ["ar_pg"],
                    "mod_reciever": ["ar_receiver"],
                    "mod_charge": ["ar_charge"],
                    "mod_magazine": ["ar_mags"],
                    "mod_stock": ["ar_buffer"]
                }
            },
            "g36": {
                "id": "623063e994fc3f7b302a9696",
                "chance": 30,
                "slots": {
                    "mod_barrel": ["g36_barrels"],
                    "mod_mount": ["g36_magwells"],
                    "mod_handguard": ["g36_handguards"],
                    "mod_magazine": ["g36_mags", "ar_mags"],
                    "mod_stock": ["g36_stocks"],
                    "mod_scope": ["g36_scopes"]
                }
            },
            "auga3": {
                "id": "63171672192e68c5460cebc5",
                "chance": 30,
                "slots": {
                    "mod_magazine": ["aug_mags"],
                    "mod_reciever": ["aug_recievers"],
                    "mod_charge": ["62e7c880f68e7a0676050c7c"]
                }
            }
        },
        "ArmorVest": {
            "untar vest": {
                "id": "5ab8e4ed86f7742d8e50c7fa",
                "chance": 100,
                "slots": {
                    "Soft_armor_front": ["657044e971369562b300ce9b"],
                    "Soft_armor_back": ["657045741bd9beedc40b7299"],
                    "Soft_armor_left": ["657045b97e80617cee095bda"],
                    "soft_armor_right": ["6570460471369562b300ce9f"]
                }
            }
        },
        "Headwear": {
            "untar helmet": {
                "id": "5aa7d03ae5b5b00016327db5",
                "chance": 100,
                "slots": {
                    "helmet_top": ["654a90aff4f81a421b0a7c86"],
                    "helmet_back": ["654a91068e1ce698150fd1e2"],
                    "helmet_ears": ["654a9189bcc67a392b056c79"]
                }
            }
        }
    },
    "weapons": {
        "5447a9cd4bdc2dbd208b4567": {
            "mod_pistol_grip": ["ar_pg"],
            "mod_reciever": ["ar_receiver"],
            "mod_charge": ["ar_charge"],
            "mod_magazine": ["ar_mags"],
            "mod_stock": ["ar_buffer"]
        }
    },
    "categories": {
        
    }
}