{
    "equipment": {
        "FirstPrimaryWeapon": {
            "m4a1": {
                "id": "5447a9cd4bdc2dbd208b4567",
                "chance": 100,
                "slots": {
                    "mod_pistol_grip": ["ar_pg"],
                    "mod_reciever": ["ar_receiver"],
                    "mod_charge": ["ar_charge"],
                    "mod_magazine": ["ar_mags"],
                    "mod_stock": ["ar_buffer"]
                }
            },
            "g36": {
                "id": "623063e994fc3f7b302a9696",
                "chance": 30,
                "slots": {
                    "mod_barrel": ["g36_barrels"],
                    "mod_mount": ["g36_magwells"],
                    "mod_handguard": ["g36_handguards"],
                    "mod_magazine": ["g36_mags", "ar_mags"],
                    "mod_stock": ["g36_stocks"],
                    "mod_scope": ["g36_scopes"]
                }
            }
        }
    },
    "weapons": {
        "5447a9cd4bdc2dbd208b4567": {
            "mod_pistol_grip": ["ar_pg"],
            "mod_reciever": ["ar_receiver"],
            "mod_charge": ["ar_charge"],
            "mod_magazine": ["ar_mags"],
            "mod_stock": ["ar_buffer"]
        }
    },
    "categories": {
        
    }
}